"","ResponseId"
"1","R_00oZF8jA9pNFjlD"
"2","R_022iyerRpX7xda9"
"3","R_06qDSsAiWRSUwXD"
"4","R_08JWAi4eHvvRc0p"
"5","R_0ffAHGborYiqIWB"
"6","R_0HDMQhPSCeLeTdL"
"7","R_0JpvijyJC0xZqbT"
"8","R_0pwwtoq5ZAaE9b3"
"9","R_0Teeqqwgq2AOflL"
"10","R_0uiDr5vYfKXIX4Z"
"11","R_0wfV2LdQ95wdjsB"
"12","R_10BfVLRqWh6aVS1"
"13","R_10DBiTnHccD96nr"
"14","R_10GIw0BaX2keG5X"
"15","R_10GVcnx24qI22jB"
"16","R_10IU4kQo5Ny8sdc"
"17","R_10OCvxnE2BeFD6H"
"18","R_10pBBdYYDTTjYVf"
"19","R_10PM8Q90o8vWEZR"
"20","R_10SHYJkgXAslb5X"
"21","R_10VFVY6nkSbwiQ8"
"22","R_1252N15FxLOKm1O"
"23","R_126iLlzLHNVuY62"
"24","R_12cjZsjRzGV7dgK"
"25","R_12gtm3rF2ukQigL"
"26","R_12he9ryqGLlvihr"
"27","R_12KMVkIGcYB3mZv"
"28","R_12mP4AMfra4IDk4"
"29","R_12QFeViQACAKEfn"
"30","R_12RAVZVMfSoHU71"
"31","R_12tAjAMmXWLH86n"
"32","R_12xyb002f3aqYIk"
"33","R_12zJQavE1obeT8B"
"34","R_1BPFry2IrurHPU7"
"35","R_1BQ3fMCSDwDk3Gx"
"36","R_1BQtTEMaaecEQjW"
"37","R_1C43xtC1mkSLv4x"
"38","R_1CC2I0265dUBpQC"
"39","R_1Ce8DxGtFmuHKqe"
"40","R_1CeWnRb0MmvYgxB"
"41","R_1CIWvK3OlxncgQu"
"42","R_1CklcV1O4LSVlXz"
"43","R_1CkmdhUxbjJaAbO"
"44","R_1CmCW0BQS8bzXaO"
"45","R_1cRJZETsk6ikb3l"
"46","R_1cSurDm9vqVtQWq"
"47","R_1DA14uvc9u9pjMA"
"48","R_1dgVGYo4oxiGvrT"
"49","R_1dLcfUMJ42YWnt0"
"50","R_1DnwDpnyJnSxauQ"
"51","R_1DO74Glpxs6WEOD"
"52","R_1DoJjBS8o6Raod6"
"53","R_1DpTh9Zr2XRl8qw"
"54","R_1dsFkHFxnRFgbJq"
"55","R_1DUqK1QpyOckl1E"
"56","R_1Dx9QuVVlzwEUDM"
"57","R_1dzUHXeqQsz26qy"
"58","R_1eCNPwhEuZIQY1G"
"59","R_1eDVcf0oesF2aX3"
"60","R_1Ej3LBArJtpwzbv"
"61","R_1ePQmK0XTp5YBNk"
"62","R_1esFaJB5hBKFUOo"
"63","R_1eV8gtrfKVhMdOA"
"64","R_1eWqPZxGctJBHZo"
"65","R_1ezc9kKXZcEywy5"
"66","R_1f0IBEYB1CfXsSn"
"67","R_1F34JBRqJeUM3dq"
"68","R_1f46gI3Efk47lWI"
"69","R_1f73aHWSxaG4JQ8"
"70","R_1faaJOpjVWLdLri"
"71","R_1Fb8WS7omqjmjkG"
"72","R_1FbPiEL7IEOycSx"
"73","R_1FcBbUVU38U7HA5"
"74","R_1FEqfpoHxjoRWce"
"75","R_1FfadSR1eTo4xPQ"
"76","R_1ffsiTEJu6juHGF"
"77","R_1FgsFIz7fXOJssc"
"78","R_1FW0cERwCfhdUpX"
"79","R_1FxDG8xCZyVShr5"
"80","R_1FyaibiUnDZucxw"
"81","R_1FzgwoOdV0ezavK"
"82","R_1g57jQgigJmVdXR"
"83","R_1g6FzNMPPiq36YE"
"84","R_1GEAfh4Bo7Nxk1q"
"85","R_1gGsp1Y9dC5ObDr"
"86","R_1gGu80mybnhCjmG"
"87","R_1gHiOG3felr0gEq"
"88","R_1ghmqxTNjmLr5DK"
"89","R_1gHp7TJbdP7VuXq"
"90","R_1GHSM2KprrldqrP"
"91","R_1gMH597a71XB3dv"
"92","R_1gO7OAgl3cVsRnL"
"93","R_1gvftWvMPMcHtnG"
"94","R_1Gw7StfBMTAbYaG"
"95","R_1GwQ6YYhO0RMUcQ"
"96","R_1GZlLLqQ47kO4cc"
"97","R_1H1ri9gTk0EEHQP"
"98","R_1H1zC6DmlzfAMqw"
"99","R_1H2ERV0PLZzTlpw"
"100","R_1H2zgSAT7H16tqy"
"101","R_1H6xc6izxbQrBrr"
"102","R_1H7i8C7mTTer0DM"
"103","R_1H7QYL63CdiJ92I"
"104","R_1hApSdi1sInXDFC"
"105","R_1HkMWPfAzPZBBWY"
"106","R_1hL4K6VL32siPKM"
"107","R_1hN2tSnGBfTHxlS"
"108","R_1hNlDaLF3Mljgwu"
"109","R_1HoU04qy5BB2e2L"
"110","R_1hzLRxIrLAdZ5ev"
"111","R_1hZltUPfOllqFNU"
"112","R_1I5VMOThB3FjDg8"
"113","R_1i8Wy5DXK2djlsU"
"114","R_1Ia4jLK3fsYmZYB"
"115","R_1IcR70LeUteM4ZJ"
"116","R_1ieS7UiXrDlagJs"
"117","R_1IFT7WSUYm8vNE3"
"118","R_1igOy00McLSTxsY"
"119","R_1IhOFEr57jXVJzI"
"120","R_1ihtdvmlyHhSlWp"
"121","R_1IkYVb6bu2qkEgN"
"122","R_1ilHwohOT8Dsk0Q"
"123","R_1Io41eQfh3hFLrI"
"124","R_1Ip9QiZUfeXahMR"
"125","R_1IQ0a2EMKorEgd6"
"126","R_1IRB9QvNjgsqrJZ"
"127","R_1IYqBPAxejY1xKu"
"128","R_1j8lUTEmA7WaHPs"
"129","R_1jcYMF1uTVER2gx"
"130","R_1jjkwiANK0uWa3I"
"131","R_1JK1znKU0jIutns"
"132","R_1jKc8G3w2EPRLuT"
"133","R_1JLwHfPl0bQfL5z"
"134","R_1jPr0yGQC9MnhvA"
"135","R_1jqVRwoNDiQ5NwD"
"136","R_1jsauPkKt0VqlI9"
"137","R_1JUU0AGFFPTfR0Z"
"138","R_1JWLJs4LBnA7HXM"
"139","R_1jZWEioASw3kxRf"
"140","R_1k1gTrUQ5iwiB4q"
"141","R_1K2dKzyNXMZpXWg"
"142","R_1K3Fi3YBPmt36ra"
"143","R_1K6ySH248BAxVp0"
"144","R_1K8dYjWPtO4qmC5"
"145","R_1K8u0pBAyLyBwbP"
"146","R_1K9Knmo7cwhSfuG"
"147","R_1KfEYSHrrmHmk5g"
"148","R_1kHUojZqyl51AbM"
"149","R_1kMJ8MbrpdxvjAR"
"150","R_1kMRhrLK7Pdrn5Y"
"151","R_1kS2zorsHCpuIh3"
"152","R_1KuTYDB8DrR2LBn"
"153","R_1l652TvDR3VJ1g5"
"154","R_1l6pPWjRYsvMWyD"
"155","R_1LAyiN8HsALzogj"
"156","R_1lb0FtQCTPsq5j7"
"157","R_1LBUzhYaE7O6EUF"
"158","R_1LC0Yn1zpFF52Ac"
"159","R_1lcqHZ3GQ4IfHmc"
"160","R_1Ld4ZJTZ6dz0qKj"
"161","R_1Lh4E1LO0sdkK40"
"162","R_1LhwaRidC3zMEBY"
"163","R_1LNFoxBqixOZxea"
"164","R_1lnO66HQGRG71qj"
"165","R_1LoiytgONBZu68z"
"166","R_1LomJdwfGV2KPCr"
"167","R_1LtIrf8uYjQYtwE"
"168","R_1LtYI8X2iak5QQk"
"169","R_1M65FSa9zcm6WeR"
"170","R_1mDvIdXKZ6R5sEs"
"171","R_1MMnnOkvXiWvCfQ"
"172","R_1mQ06obbYdotoqA"
"173","R_1MRkF3MN7WJR3DK"
"174","R_1n6B0BJdaBGFy87"
"175","R_1Naa2uW2JRNctSJ"
"176","R_1NBpaUr8okXMf6h"
"177","R_1NDQ9rxwVzAT4b4"
"178","R_1NkA5A5h1vEn25M"
"179","R_1Nm2qJR1pCPdg9G"
"180","R_1nQ8yeNWlJqssmb"
"181","R_1Nrn2X3BwDsbZ2G"
"182","R_1Nsogr8PrxFvriq"
"183","R_1nT3DwrNT4rcoZG"
"184","R_1o23lnTxFp1kh6R"
"185","R_1o6hUFIHmR34f9Y"
"186","R_1o6khAwmBJtGnE3"
"187","R_1OE9lRbOwmpqzaC"
"188","R_1ohgrDfp3HIa0L9"
"189","R_1ooitaSxad1JtKQ"
"190","R_1otj2JS8A9Ty3G1"
"191","R_1ov7zREBm9BzQXm"
"192","R_1OvgCJEWFu7L9TM"
"193","R_1OZGi02kQdrBvy2"
"194","R_1P4WaU6rqxP7Q6I"
"195","R_1P8dSutrocr0Era"
"196","R_1pFLxPv8BOsImz5"
"197","R_1pJXwqcFynLiXyj"
"198","R_1pKD8770pLo85qu"
"199","R_1pKIcduDRTZoC6P"
"200","R_1plOei6YA75y1QG"
"201","R_1pMzV5Q4vu5Fb1E"
"202","R_1pRNOJhNP8JT77h"
"203","R_1pVGUVTCO7lPvfA"
"204","R_1PXxxJfgTuH1Vuc"
"205","R_1PY2oW85FO7yeIs"
"206","R_1q3vuQ8p6oSlhfS"
"207","R_1q4ahS9XjH83UBd"
"208","R_1q4H6BbaCGQe4km"
"209","R_1Q6DOSExhad7FSk"
"210","R_1Qgr20s605NtrvZ"
"211","R_1QmCNFrsOYMkhQk"
"212","R_1QMdhUM69XUHwTa"
"213","R_1Qn1mH1Xrfw6LSC"
"214","R_1QnDmh1j6gwOAPD"
"215","R_1QsC2uHACWoIYHX"
"216","R_1QuWPK7UGDxEAvF"
"217","R_1r6R2WzIrN5hkDC"
"218","R_1r6uXyfjU1VKGJW"
"219","R_1rDFKFUzUjBZL4k"
"220","R_1rGRwHyoXJlwvGe"
"221","R_1rHr2moFReOrB1l"
"222","R_1rlvdHxLYmJSuVO"
"223","R_1rNaIQdOwp92cDA"
"224","R_1rodh02uEzWa2ND"
"225","R_1rOZqE3yeYL2L8D"
"226","R_1rP6liuqtkAtNJy"
"227","R_1rPaJOyPrGToaEX"
"228","R_1rPLHDj15onDQ6N"
"229","R_1ruj2hphAawFz9X"
"230","R_1ZWAXgIIiEZG0Tv"
"231","R_21FYVn2V7XR7nSW"
"232","R_21GLePCUHNWNnfu"
"233","R_21oE17XBamL3h0d"
"234","R_21vNAFRpwJdejFo"
"235","R_21vO2xwkUL4O9rR"
"236","R_22sFc5KluySIly0"
"237","R_23fzWCAvERgBI8O"
"238","R_23g8EJbk0a3CsGF"
"239","R_241SLfq5oKM2oUz"
"240","R_2477tXwF1BE7nn2"
"241","R_2496stkmeQWTbih"
"242","R_24C7KxMZa0nBQTf"
"243","R_24GB8UE9Jrtv9wz"
"244","R_24izM4VBB1OHIOA"
"245","R_24j6JVkUNSpVD2x"
"246","R_24jd2EDKtHkE6zM"
"247","R_24jeiB3cvGFpKmt"
"248","R_24kh8UouEMXv8tv"
"249","R_24kLC9odMBiAMnm"
"250","R_24kNaeYbLuSsjZN"
"251","R_24l2WRMqaxDki1C"
"252","R_24MZYA8jNmP17Ld"
"253","R_24OQavek6qslrfA"
"254","R_24PnEvkIn6INH8g"
"255","R_24zSaaDA06V0XzX"
"256","R_25KgmjOetMfGeJE"
"257","R_25u8oiVZ8EDe19O"
"258","R_25z92GHvYaamW9q"
"259","R_25ZW6jjGSKgGIoK"
"260","R_26ezgnmqUG8whS2"
"261","R_26f45n75AdKrW4s"
"262","R_26fghh4wlXB510i"
"263","R_270X5L497pgdGwM"
"264","R_272SKiCZRYEKVqP"
"265","R_277f9NBX1jpHSbl"
"266","R_277LOEsrP299Oz0"
"267","R_279yAg8d7CprmyF"
"268","R_27CYQk73V50mqsI"
"269","R_27flRp1695ejTSS"
"270","R_27g4LV8GtAhdC65"
"271","R_27J3cgwpUF1qkIH"
"272","R_27p7OyVVLv3nJxV"
"273","R_27U4vKxcTpvOT9R"
"274","R_28A2UdtmxEiS2Uo"
"275","R_28As8U7r03taA9r"
"276","R_28HfTYC4LRBp66R"
"277","R_28Hfym0qzkiZDTb"
"278","R_28YvkxXlPkcsOlA"
"279","R_29odO56YzuZrgOB"
"280","R_29UKkiZNqDpeNqx"
"281","R_29vxgUNC9thboDl"
"282","R_2abEyy2299G4CuP"
"283","R_2aE3tnrgCxPT4fo"
"284","R_2akLOeSYCcRUFu9"
"285","R_2AKLWQxWLO4FiWc"
"286","R_2an0YGP1Y3euWhW"
"287","R_2ATHgBziooArJ0a"
"288","R_2ATK6NfiwDoW9Jr"
"289","R_2ATo8hDEyfIbIJS"
"290","R_2aUHHQgrsb5VPa9"
"291","R_2awY18IPSJQF0eV"
"292","R_2AYEImwchq2ee7F"
"293","R_2azs9NNo5oeTSCm"
"294","R_2b3s01v7P5mC6sf"
"295","R_2B3YJeGPi3XVAkC"
"296","R_2Bm9LWqJWRQsjwF"
"297","R_2bTAwUmomtl9RRN"
"298","R_2cbYAQmmit7KTEl"
"299","R_2CCBUp68sfaR7sq"
"300","R_2cclFXQWceSCtPP"
"301","R_2Cd0g4MqLOlrwGv"
"302","R_2CdC2irh4iwzsV3"
"303","R_2cpeWuNfKM3mlzi"
"304","R_2cq5lUTiQUzS2kG"
"305","R_2CqSUTDzEtCU5LM"
"306","R_2CVsvIVfQsZABiI"
"307","R_2CwRpUZ9DzSjZQZ"
"308","R_2cwRqSDB5bFnPft"
"309","R_2czkqRwcDqOMo0y"
"310","R_2D5g2FPaOcapF3X"
"311","R_2D6qus7uDRiCJXF"
"312","R_2DMGFgkM6dGeeiM"
"313","R_2DN8MnWB5wZ4I6L"
"314","R_2dncxiT1EFrzHiT"
"315","R_2dQo0cD2K2qtXKD"
"316","R_2dR9fkCho4jhskd"
"317","R_2dRbQ3pixvz1kQO"
"318","R_2drI6VYmYpdAqXm"
"319","R_2dt23CNpbJxdvVW"
"320","R_2DUoi9lfHzspWo2"
"321","R_2dupmCG0OpY42DV"
"322","R_2E0FLIlO1LWkh0v"
"323","R_2E5CVR4BEL4wUwX"
"324","R_2EbfvJTV5tXG0GU"
"325","R_2EFqYBpMcqhB4Fl"
"326","R_2EfTX2TJ5mefD1e"
"327","R_2EjhaLbHEk9rlgG"
"328","R_2ElS53GnSC7Z8Ne"
"329","R_2EnnDuaRf2W67iC"
"330","R_2eOmdOFvDM7vLqJ"
"331","R_2ErSTfBBs2xPSiO"
"332","R_2EsjzDnf9gC6kbU"
"333","R_2eVDUZjFaTCaGzD"
"334","R_2EvhtACEpUzFILL"
"335","R_2f6EGHXCXA2Ikrj"
"336","R_2f73zfK0SIzw6UJ"
"337","R_2fB3KYelnCHQUno"
"338","R_2fGRigicQO7GNIB"
"339","R_2fiLiFW87483W6i"
"340","R_2fJNlsuZHQLkwpB"
"341","R_2fv70qlEqX5gY1G"
"342","R_2lAbPSABzxXX3Tr"
"343","R_2lUFkvRw6zRWxyh"
"344","R_2OSTw5rYKBNnwTJ"
"345","R_2P06FSutVUinAgH"
"346","R_2P1p1O013Gq2wdq"
"347","R_2P4JuN396ty7vfb"
"348","R_2P6iauMnXgEw0GW"
"349","R_2Pd5sCZa9KSRx2N"
"350","R_2PgNa6HE73gYsal"
"351","R_2PmRbmE0KgaU9s4"
"352","R_2pS3Z3dv0g7op9P"
"353","R_2Pu4gzFWmpl3hDa"
"354","R_2pYPVAOon5iAowo"
"355","R_2q1tWg1yVuNY4LS"
"356","R_2q3opOsMZkmFijm"
"357","R_2qaBjt7ZJOYvGel"
"358","R_2qCvfbAuxaub1Xn"
"359","R_2qdy9z9RgHWzYJR"
"360","R_2qedfsvvkdWJsZa"
"361","R_2qf0FIGnBrJxwIN"
"362","R_2QFCuJFpqx6iTkC"
"363","R_2QfFWsUBG1FkALH"
"364","R_2QfGo2p2PN59zlT"
"365","R_2qk5IGdMs3IyTPw"
"366","R_2QlLSXYYPInQU5y"
"367","R_2QoHz1qYwIxlREC"
"368","R_2qqSYjRiymL1fkw"
"369","R_2qr2KNzWrRZGBTB"
"370","R_2QR6jkJeY85HmDT"
"371","R_2qvAnUvmTveroHX"
"372","R_2qxj2bmXbRcqBJc"
"373","R_2QYFYC9boW8WBGQ"
"374","R_2qyMWKP5TDjaLk0"
"375","R_2QzBfI9Ee186Cpz"
"376","R_2R2I1cShFqTm9zD"
"377","R_2rAzQxL0aTE0KkA"
"378","R_2rGDeux2sZg2bGA"
"379","R_2rHJV8ocWsHazcp"
"380","R_2rI4kUpiS0w1lcM"
"381","R_2ROkXnxgSs8s1oO"
"382","R_2rrouwh4QV1lnCl"
"383","R_2ru7yar0Us7wC7e"
"384","R_2rwmk6NXFOdVgkj"
"385","R_2rwsrdEnrhvnrdA"
"386","R_2rYkE1NMviII79u"
"387","R_2S0OUhVG5E7Surs"
"388","R_2S7wfcwUrP6yOah"
"389","R_2SpHYT7k265dUe1"
"390","R_2sTirfZ0BH2q1vu"
"391","R_2SuB1WnR5aiPa4j"
"392","R_2Suc9t3hIQ9cAU8"
"393","R_2sXVdKLRadWfPpE"
"394","R_2t6bsEMEpfVxt3W"
"395","R_2TF8IGStoz6k8bO"
"396","R_2THspomuxp0OGnX"
"397","R_2TI7qghvar5iE9q"
"398","R_2tJS2AqPAoGstGd"
"399","R_2tJUY0vec2WpVkS"
"400","R_2TmGeDGKLIGsECx"
"401","R_2TMicmPznP2NpGT"
"402","R_2tmnO5Bm2V7nbfb"
"403","R_2TN0ixZ0yQh0PBP"
"404","R_2TNrSlIKckx86fJ"
"405","R_2TnSmUW80DuPBnc"
"406","R_2tr2y9GBWwcpsUd"
"407","R_2trJ6hvzCsWMM1B"
"408","R_2tx6VVG2MrCxLVV"
"409","R_2txpjuNbPUIsjqZ"
"410","R_2U9gMrKdW4ZUbfj"
"411","R_2uD7sahEKbYDpPb"
"412","R_2uEsAy8sM8xhMSt"
"413","R_2UioGGFsQHyVFIs"
"414","R_2uJ8udPLeT5BlDW"
"415","R_2uKhfI0y50LceP7"
"416","R_2uOPTSHuI7CRt38"
"417","R_2uQYTUsccguTYJs"
"418","R_2usKTEhLGyJ3dyd"
"419","R_2UWrCWyp4ZjgbpH"
"420","R_2V4N8LcRmRuPrwN"
"421","R_2V4tplRChpl9Xth"
"422","R_2v5M9ceYhDAJP4i"
"423","R_2v6btaBUeROaUux"
"424","R_2V7xz4fMkGMICsJ"
"425","R_2V9oEneaaBCBZug"
"426","R_2vbKDoRMc5wjumn"
"427","R_2VEAxYe11DoQsom"
"428","R_2VEkHSHxMvRgUG5"
"429","R_2VEzlKrV6spWgrs"
"430","R_2vkPV0fgY9AFCnA"
"431","R_2VPxNLHrJQAZxHB"
"432","R_2VQNcSOVuVb7MKs"
"433","R_2VrmJecd6U6c5y8"
"434","R_2VvwsfRCreo8Qf1"
"435","R_2Vx5xpTlPzFzKbX"
"436","R_2vYYjvsaPazNWdq"
"437","R_2vZezSrOZcPEgsI"
"438","R_2WChbyI2u76BDoR"
"439","R_2WHlh7cUukgN44P"
"440","R_2wjiEAdLjbtwDaR"
"441","R_2wM54wCG6cOgjHz"
"442","R_2wpOB4RHt2FsoLb"
"443","R_2wRM4qMxlDXgBGk"
"444","R_2wRz5Y5tNcvWpR0"
"445","R_2wS55NpdtMkloLc"
"446","R_2wuJHln4amiF7py"
"447","R_2WYZ0i8cJbY9t8w"
"448","R_2X05UVe1SGFp4sp"
"449","R_2X7LMTVPlJDbkrB"
"450","R_2XbvOMRyvwmaWBC"
"451","R_2XghCXK2d95HbQW"
"452","R_2XgmkEu1f6s7VfB"
"453","R_2Xh496Lghtm3R8f"
"454","R_2xMdULnWgs2zJsi"
"455","R_2xQUWIf7k5mAm49"
"456","R_2xRltBESxF6qp96"
"457","R_2y15ZijvBFgd44w"
"458","R_2y1PFCE0WZh1rOO"
"459","R_2Y4l2NpQJTSPhU9"
"460","R_2Y64fY5ZJgo1obT"
"461","R_2YDOOJ2sTNYMRIS"
"462","R_2yfLYJXHogAk5lX"
"463","R_2yfoKE5r3UE4CcE"
"464","R_2YhyUKEQWHXHc0I"
"465","R_2YKaUcWpq285Ikz"
"466","R_2YonOSz68O6cyT0"
"467","R_2ysF9jJsd9K91H9"
"468","R_2YukWNbD0IsCAol"
"469","R_2z6ImH8aJcOhTUV"
"470","R_2z7r8KPqw1Ro1ND"
"471","R_2zAr2qimEAzP1IV"
"472","R_2zBKZmViqXdiJsx"
"473","R_2zc1eR3Euu6gNUq"
"474","R_2ZCdAIcvYzHEMmf"
"475","R_2zCi5fpllzEdlx2"
"476","R_2ZD1XplzogsdI8G"
"477","R_2zDfbfKQYY3SRDi"
"478","R_2zImIwTH1NuBVOx"
"479","R_2zIvqbKfpwpw2HX"
"480","R_2zjbXYS7cAbtYQW"
"481","R_2zJgz3oMKtaaKPm"
"482","R_2ZNPyLTkF9Qwpg7"
"483","R_2zoOlDdWT1BhYDH"
"484","R_2ZP4Q5y1QQzOsKb"
"485","R_2zSm6beBkSouOJs"
"486","R_2zummDpoIBiSclF"
"487","R_2ZZXUiI4wQkG7zg"
"488","R_302VWOeDOBdWCdG"
"489","R_307ap0B9E3jvqYV"
"490","R_30izku4g8W22ctV"
"491","R_30nPKFTPT3fXi33"
"492","R_30pZL3u9blsJFjy"
"493","R_30ucs8dU1t0Frwu"
"494","R_31azQNhvCzZB6X9"
"495","R_31Ep1krPRhmKAgm"
"496","R_31nF3A2jm4phqK2"
"497","R_31sAGbnUgsyUqz1"
"498","R_31T0XNEr5ZeaXbz"
"499","R_31vLg17lSENbu33"
"500","R_31Zb9kmuPSC0rvi"
"501","R_31zJ0g8f0oMz5Cj"
"502","R_322QTEwPM8gFy1o"
"503","R_32M8hc6te8lvMlX"
"504","R_32Mb9aXcYgqalTV"
"505","R_32MgZLO4OqXw3ht"
"506","R_32V18MH0blTjaAl"
"507","R_32XDeHfsblyLxeI"
"508","R_32YpJ4ljcHOIv3g"
"509","R_331slz7qhkDaLa6"
"510","R_338cYDT7OZyu3MN"
"511","R_33gzHgzJaj4Jcai"
"512","R_33jtEqGvWs5EMX0"
"513","R_33kbrGB4Hx4IFYE"
"514","R_33lmkuCiAyDdSHR"
"515","R_33qo3KINm6ACI6T"
"516","R_33r0aGRcTGAyuCS"
"517","R_39pK7Lk7Hej1xKx"
"518","R_3CH3LP5GmHVYsfY"
"519","R_3CZBC0x6RLkfgcx"
"520","R_3D541eDDcBRE72z"
"521","R_3D8iLxsSQulDPJB"
"522","R_3DdPgWR7m54dNQn"
"523","R_3DhXzWeOUDMqXHd"
"524","R_3dKBoFty6UNzdVE"
"525","R_3dPPlkxqrZXufoG"
"526","R_3DuTsvX1HCOBt4W"
"527","R_3e7YlhLfD5t0ZDU"
"528","R_3EALcJlx9euSTw8"
"529","R_3EAmyy4ztOtCiZG"
"530","R_3EbsvZEC6E1OqT1"
"531","R_3EE8CtFQeSbjPLV"
"532","R_3EEmm61fArhCgpz"
"533","R_3EG567EcraP9mAX"
"534","R_3EGSDTEcZYI37KQ"
"535","R_3EHiU1279bM3Yk6"
"536","R_3EKBQZekfN2kus0"
"537","R_3ELRHPVf7GP43Ts"
"538","R_3els0w6kK88fIyK"
"539","R_3eqRohZt40wsROz"
"540","R_3erdPF6Nnu2ly5C"
"541","R_3EYiIcDPscEPTMd"
"542","R_3EZisdcFSTocKgB"
"543","R_3ezqx7qfxv2llM4"
"544","R_3ezwqcNTA0Ho9N3"
"545","R_3fAHkketHbJzY0X"
"546","R_3fGCU8aiRJopAOy"
"547","R_3fJBvGfFZXQsIlc"
"548","R_3flce6kFyIXrchd"
"549","R_3fOfY4LtgHcAP8m"
"550","R_3FPV6SmBfpA3Ra2"
"551","R_3FWjuGlu9Fgnmrv"
"552","R_3fYPH0Ke0NqdrWP"
"553","R_3GdghUpDert6jBo"
"554","R_3gL5iLnlFArsiuU"
"555","R_3Gq4afPqik7PRdi"
"556","R_3gTUYRaRc01J3Uw"
"557","R_3gUctj3DH9BNOt9"
"558","R_3GvNneaUZUsQOrG"
"559","R_3GwhbeEg39v60MT"
"560","R_3GwtDjWzAaxtAqB"
"561","R_3Gy2v6MpABLgHnt"
"562","R_3h0jV2RssEvFlq8"
"563","R_3h4vQueKt7DpSE2"
"564","R_3h9nOsQpoW5lMlT"
"565","R_3HC8QcBIn7rVdNj"
"566","R_3hcqFKvnOF8x6WL"
"567","R_3hFowXRL1r1Jyl5"
"568","R_3hG53JqOC7Zj8qJ"
"569","R_3HGiDDZTKdWNKb2"
"570","R_3HGNFw72sBLQtke"
"571","R_3hGPP56yVj945Jv"
"572","R_3HHYqOcLVTxYu61"
"573","R_3HiRCpSisNCCE7E"
"574","R_3hoocyyFH31X8ra"
"575","R_3htHYS62l7NLjEy"
"576","R_3HtYeKbEX6y23od"
"577","R_3huoc4NDbqb3Pr7"
"578","R_3HvmKTNbV6IfkWv"
"579","R_3HYom5Uug8eTqB4"
"580","R_3iBSdARD09Nf1b5"
"581","R_3imBwkoopVdRGu3"
"582","R_3iPt7ghYv0GNFfO"
"583","R_3IQcMD6YED6oqFx"
"584","R_3IQPnVjMxM0FTZh"
"585","R_3ISaH7RjhgyOVSF"
"586","R_3isQSVBzrqAa3k0"
"587","R_3isX1qlU489nqmn"
"588","R_3ivSLnmOTe1QDdu"
"589","R_3ivVBQZaug7ESpl"
"590","R_3IXBeBlHx5rzyyL"
"591","R_3iyccd3q0g94r80"
"592","R_3j1ZpCFvSPF4GfM"
"593","R_3J3IzOTYVx563Du"
"594","R_3J3MIQIpkgPSs15"
"595","R_3J4xUXetoXf5ii6"
"596","R_3JC9USxTeJtrGTn"
"597","R_3jdFJ62OozOFTwQ"
"598","R_3JeKjXOMjoOEQDb"
"599","R_3JfTuLG6ea8WhSV"
"600","R_3jfyN2OMow87i4q"
"601","R_3JIZ7e0aH8uDwQq"
"602","R_3JkjkVhnl9ObBOY"
"603","R_3JlVqGHoPfVoWW7"
"604","R_3JlxGW06W02NBs5"
"605","R_3k0Ato0gkRmcnEC"
"606","R_3k1gYXIjWsrquOh"
"607","R_3kBeb6gCFJiJG45"
"608","R_3KC6pZ4hs4rGp9b"
"609","R_3KHHjRMETd9hXCo"
"610","R_3KHm7tWdf08sP4n"
"611","R_3KIowvveekzrlSc"
"612","R_3kmGBtRTfbspiwt"
"613","R_3KNNbr7HG8EUNch"
"614","R_3kOpi7iWRGNb2QO"
"615","R_3kp5UAV96SLmU94"
"616","R_3KpZzzNFyWWUHiQ"
"617","R_3kudAB1BaPeiX1c"
"618","R_3Kw5U8Z09wwH2kk"
"619","R_3kwaQ7J480L9N5G"
"620","R_3L1tcb5wqmDZjO7"
"621","R_3L6kPQN8F3nHLom"
"622","R_3lE9n3Rq1gls0JB"
"623","R_3LifiPeZS7GPkHj"
"624","R_3LjMG7wZ4O2Uvm9"
"625","R_3lMoBiivblWtHRr"
"626","R_3lPjNTGXDEkxgEp"
"627","R_3lPSLhL7VSORKT3"
"628","R_3lQcT0Ek7wrej8R"
"629","R_3lRZwTqeIY75ncP"
"630","R_3lSb2BOEgjRRjpG"
"631","R_3ltY4J3DUAGHwnn"
"632","R_3lWeaNACo9BJhAo"
"633","R_3lWTw0BBud8qopA"
"634","R_3lzi9aWCJnie9Lc"
"635","R_3lzYzehUlRoSoQG"
"636","R_3m3HjxkMltipTM9"
"637","R_3m4SwR0O6HcDVnW"
"638","R_3m9l4bb7ouuxwHN"
"639","R_3m9MowYMdxcsQFL"
"640","R_3MbXzDb0EX4wOwy"
"641","R_3mePGzcSLLduyCm"
"642","R_3MEXSAMN2hJU5g9"
"643","R_3MgRnpD2lt2F5jO"
"644","R_3MlOilcXMGcVxdY"
"645","R_3Myd3okQQ9FMAEo"
"646","R_3MzkK29sh8QO9ju"
"647","R_3n1TzSw2OQjMr2r"
"648","R_3n3l7L9sGsm4Fbc"
"649","R_3NBYr1z4Rn5V5d4"
"650","R_3ncNuGYKgLYzX5A"
"651","R_3nD7L6ZIDFU3HZE"
"652","R_3ND8vaIE0fhtYLh"
"653","R_3nHor04y13UTedg"
"654","R_3njAZuirerztBnx"
"655","R_3NKUavayJ0JWHYT"
"656","R_3nOYSSkKRmzcBZh"
"657","R_3NPW2h7A6k8ojIV"
"658","R_3NQGTWS6KOshJtC"
"659","R_3NSQOYTr97uqdSV"
"660","R_3nUIGXn26N8wiJg"
"661","R_3NV6B4dqkcmefhi"
"662","R_3NvLE8zNYYiBuTy"
"663","R_3nvYNgTWkI38dDp"
"664","R_3NxL8xW6wiFatZe"
"665","R_3NyNdSONOJ3RzE2"
"666","R_3Nzl42DaZ9Sz0gg"
"667","R_3O343QLt8Nt3S11"
"668","R_3oAUcyoQiGQvjk7"
"669","R_3oBlJtc6D2AGKxG"
"670","R_3OdolWpaR1wGxhE"
"671","R_3OkLMQGd5b9jPLw"
"672","R_3oNOsv9kmsjnW9t"
"673","R_3oR4ZjiFA9XxOIq"
"674","R_3p3CfbONef0qzO5"
"675","R_3p5WvSye6wc7iB2"
"676","R_3P60z7SkcCmSTGm"
"677","R_3P7F2TE2xC4T2np"
"678","R_3paUl7XEw3TGwE1"
"679","R_3PC5jKJfCTb3AxH"
"680","R_3PFRwdiKfp6Nb0v"
"681","R_3pgWS3aUJQ2NJF3"
"682","R_3Ph3v3gYw8Vwi28"
"683","R_3PLc8RatkVPKjY1"
"684","R_3PoijqIyaBtTMEp"
"685","R_3PRmVhmsKJQOUHY"
"686","R_3prSeVWNZ4oPvbH"
"687","R_3pshyAE6kZ1VBka"
"688","R_3PvjI2nnbXkcCVp"
"689","R_3Q0rU8OjnjsbZ2s"
"690","R_3q9f50S25IObuIA"
"691","R_3qeyXD6cwgA5fRd"
"692","R_3QF52Oo2e9eigjV"
"693","R_3qgvaOzyC2rzETa"
"694","R_3qIJbNCJsWfwJQL"
"695","R_3qsRJ6EZ3fUutH6"
"696","R_3qwCyNFhO9RPg1g"
"697","R_3QY56HfmwjD9nYn"
"698","R_3QYmZef0kKNRPMa"
"699","R_3R7VPKtqO82YwbY"
"700","R_3ReDYjkzm7Ck77u"
"701","R_3rGwRGzmxJ3Qu3v"
"702","R_3rHdj8oVDmPOTxA"
"703","R_3Rkhhc0xEINpuTS"
"704","R_3Rl2oATbHRzJccy"
"705","R_3RlRMrGESZ27MVQ"
"706","R_3RrRpd9PY34pUkJ"
"707","R_3rV91oMW6tzi3Ck"
"708","R_3RvUB53DGQHgJQy"
"709","R_3RxdghjPVrqNr7c"
"710","R_3s0awSktkEShmSg"
"711","R_3s66EHF77mwiRD1"
"712","R_3sAE8g2oX83BPsS"
"713","R_3sBqrKCNxXeFpgA"
"714","R_3scQLVlh0tbE5Uy"
"715","R_3sdLSMZ7zRHzfh8"
"716","R_3shLBl0eCSaMnoP"
"717","R_3sjM2uSUBpiRbP0"
"718","R_3stSwUu3RzRYz80"
"719","R_3szcHqxxjrlcQtK"
"720","R_424xUUvtGU2aGsN"
"721","R_42uAeQ3uIlI3hO9"
"722","R_4O9GS1S0073Sti1"
"723","R_50fuJecuAM8qZUZ"
"724","R_5BgEXpo45c0KgZr"
"725","R_5gulXhqnGMPqxDr"
"726","R_5hXmvTz1lYxCpsB"
"727","R_5iQsnIgYqbZoNTH"
"728","R_5pv5cy8LWJ0QLF7"
"729","R_6G3d7SbSRl7u8tH"
"730","R_6idcK4joJBD6gCt"
"731","R_6JtNXvIJVylb3c5"
"732","R_6KV1FVfDwtxCbDj"
"733","R_6Mz4Z2BFjcizFct"
"734","R_6tW6ctw6UuEwAh3"
"735","R_6txfysPKezuTmAp"
"736","R_6XbvFUw84MEFxzX"
"737","R_7PqkSlSqr1MfZ9D"
"738","R_7PT3YmW3SnJ4GZP"
"739","R_7TVgjNS6ukd06at"
"740","R_7Wo22SFqUMjiV3P"
"741","R_8BLW75jYjzSrsNX"
"742","R_8c6H8rITJZe6U7f"
"743","R_8I0f1P96Klnfgyt"
"744","R_8ob6zZRvzozXYNb"
"745","R_8p6ZMxoyXYNsffz"
"746","R_8q8BYUYwBe3yH4J"
"747","R_9BIxd7mUeivDsgF"
"748","R_9GYNjJHWJ598Cop"
"749","R_9H5TTsWPoCHPdPb"
"750","R_9mgaXBHuF2JzENX"
"751","R_9mkFcdmSSMLu2kh"
"752","R_9ppF9pW0SHbvE89"
"753","R_9ufJuUkZw7LI19f"
"754","R_a3PuWVl8KpINrH3"
"755","R_a4QvM5lqxkqJs09"
"756","R_A5kyAIfHA7r3Erf"
"757","R_A6iBhMGSGasYX5L"
"758","R_abGgiFVuBEZmgo1"
"759","R_AFFCN8DGnvwclaN"
"760","R_afVooZSQleXWBqN"
"761","R_AhRx3TszpFjgPKN"
"762","R_AhUxwDz0ZHTb4Pf"
"763","R_Ao2iP4RM87X1ZrH"
"764","R_ApazEdIpqCqBnup"
"765","R_aXDKQqFMxqaUwp3"
"766","R_b4rVFoFucHxsjT3"
"767","R_BEpRuZzbKYZArfP"
"768","R_bfLg796VvKZ7iJH"
"769","R_bIsDSOni9z3FSs9"
"770","R_bmcLAJr6bZ09YaZ"
"771","R_bpDPagziKlmZcop"
"772","R_BXSZKhsML3B6YRH"
"773","R_bxxjv9e6VgCIqbv"
"774","R_cCPYBurvtbuVI9r"
"775","R_cFRRFQQCS1hbPDr"
"776","R_CgAJnECFSLzA0Cd"
"777","R_ClTHySPNXxZb0Vb"
"778","R_ClwbXMD2W8aNJFT"
"779","R_cO0D970IjaFfxT3"
"780","R_cOTZRCTaRkEeopP"
"781","R_cRTJbQh0VUSsVjP"
"782","R_cwhwbejOtMXUD2F"
"783","R_CZITfQPUvEMa049"
"784","R_d1dNUtrIq0L0bV7"
"785","R_D29tDqAGSRKNQPf"
"786","R_d5cpYV8mJ8xswPD"
"787","R_D7a2O84XOoDpdvj"
"788","R_daKqb5ILM3r0XE5"
"789","R_DCb1eeCJhnjVXWN"
"790","R_DiQKL1alDisE4EN"
"791","R_DjGVuHVh13qJLxv"
"792","R_djwCosTKDMSakX7"
"793","R_dn8BIuWmrN1S6m5"
"794","R_DOyxCyGjsaTTk8V"
"795","R_DP6wHpSMTGtxBvj"
"796","R_DTuj2guFIdBfrhL"
"797","R_e3BODaqd5YtPze9"
"798","R_e3hfJaHJYjwuY9z"
"799","R_e3WpKJv5xsRV3Yl"
"800","R_e3xpH3fBNimOgk9"
"801","R_e4zymE4GXpjCNt7"
"802","R_ebcKVMjZh4JhLOh"
"803","R_eS6cyebr0uwoBk5"
"804","R_etAaRfGrGQ2StRT"
"805","R_eVPVwhEdxWAkmZP"
"806","R_eWMDZx3LFYXpmZH"
"807","R_ex4FhJjl2dLyo7v"
"808","R_eX5bPcFgtXlvurT"
"809","R_exnAsPp2KLVEIQV"
"810","R_ezlmYaiwsvhQizv"
"811","R_O1BZF32M9UEu6mR"
"812","R_OcZVZAIQRVyQ773"
"813","R_OdozmvQKx3vZt8B"
"814","R_OeW9dZ5UsCtuqAN"
"815","R_OHjzE3TEcSCdyrD"
"816","R_OiNLF4i5ikosxQR"
"817","R_OpcQJt5W82On4xX"
"818","R_OPRoXtzjETnwWTD"
"819","R_oZzCuyDvdCw996x"
"820","R_p6NHk9uMWFMKrS1"
"821","R_paqL0RuxUye7Z2p"
"822","R_pEEMcmOH42QFOa5"
"823","R_pgclP7wpPaV39Zf"
"824","R_PGtS8J4XqEK97bj"
"825","R_PIKtwj30YgKQlR7"
"826","R_pLuXW81rcLPbj6V"
"827","R_pLxSep6RdMZg31n"
"828","R_PMPHrYDpeoohGo1"
"829","R_PMX9jY4JDDjwu9X"
"830","R_PthiJD6MUYPon4J"
"831","R_PTVKBxe0VV0nF1D"
"832","R_PuCrVqmleZxi6Hf"
"833","R_PUPEJAhTpLr0YJb"
"834","R_puTM1nWHJeASyCB"
"835","R_Pvw5kdr3PRjkbNT"
"836","R_pxR7hatoWKmYJqN"
"837","R_pxV4s5FhOBxElAR"
"838","R_pzaDeZuJjqyWifT"
"839","R_pzpJ8qYPJtX9DlT"
"840","R_Q3O8rih3VyjoYzn"
"841","R_Q6WSgfw9lHPvSNz"
"842","R_Qb0edzRMAqzkhEJ"
"843","R_qF05mcH5RLyfFSN"
"844","R_qFoTaINdi7y3rk5"
"845","R_QfxpfvEOCUkPBMl"
"846","R_qJAkKBAvegkMPol"
"847","R_qJlaiP7Muw00jnj"
"848","R_qX8fndvBOiaYsuZ"
"849","R_r0EB1tSvTEaL4VH"
"850","R_R2c07y8WrKuJGSZ"
"851","R_R35MRaUKUOK5Z05"
"852","R_r3FlqERjiWJ5Ca5"
"853","R_R7UFu4wx6qg2Apz"
"854","R_r8XDey4y5HnCH2F"
"855","R_R9oAI77Vp0TiRwZ"
"856","R_RCfrGFHZ8gSIH5f"
"857","R_RELDr2pv6l9pV1D"
"858","R_rfhS4jEZrddpMt3"
"859","R_RftNVRjukTS0yml"
"860","R_RftXLKm4f8srxu1"
"861","R_RIYJ45vLLbIRgKl"
"862","R_rl4hVwLF1Ap5Vkd"
"863","R_ROADAgzLQGt65TH"
"864","R_ROGU1AdXRLnWK0V"
"865","R_RPqiJLQQmNwZQ0F"
"866","R_Ry2hDuscOZAjCKJ"
"867","R_s73RzMZv5ZAuB5T"
"868","R_sAaZc4DUH5BXSFj"
"869","R_sAPYqpeAmvN33s5"
"870","R_sBg7wzyQL7hNYtj"
"871","R_sCr8XpFYZfZoNpL"
"872","R_sjpgqGdUN1YAlup"
"873","R_snE1t0I0azIt1Tz"
"874","R_SNVKGyEsCwIiB0J"
"875","R_SOHEqOniU53bNLj"
"876","R_sOvnkOWmgPcZvep"
"877","R_STrR2lzTNLdgvUR"
"878","R_suOHxwHcTL4tgNr"
"879","R_sUuYYF8C1ZsmBBT"
"880","R_SW8IZC6TrVzEIMh"
"881","R_sZi1k3V8pDhJTHz"
"882","R_t0v3NgYAcICtn8J"
"883","R_T61QBXdxeo3PIxH"
"884","R_TbfNSyBxjPnU2Zj"
"885","R_tDSxHRlbxdTVFsZ"
"886","R_TdWspAGUCfsESqJ"
"887","R_ToAHaMNPR70Cb6x"
"888","R_ToWkavtA44keX4Z"
"889","R_TpVIpdfwRbkE22d"
"890","R_tQUdpUMfjWexVbb"
"891","R_TuOFErATfhFdVWV"
"892","R_TvXFOhGiCpcV9Rv"
"893","R_u2DA8rJnAuboKNH"
"894","R_u4TqaSPL6okWvap"
"895","R_u82YbhRPCKDUJ7r"
"896","R_UAeXyasjbJVHgOZ"
"897","R_ub2LzY6vGiPjUxX"
"898","R_ub7HUjQeg123p0B"
"899","R_UcklJloHyt3ULER"
"900","R_udYXkpvbRWUxoNX"
"901","R_ueNBOb9ABFhA9dn"
"902","R_ueRW1tyAtHIl6i5"
"903","R_UFP9YHd99myTUtz"
"904","R_Ui5UvUTBDpZtzR7"
"905","R_UmqGXFzvOdvjzK9"
"906","R_un5sC0Rqx7arznH"
"907","R_UoIFwVPtLDsxVXH"
"908","R_uqsrpOQYo41T1Dz"
"909","R_UQszBIo7ItAXGLv"
"910","R_urjLbfr2tMmJYGt"
"911","R_usnmkthW2awWJhL"
"912","R_UW2DBkEkpUaGwut"
"913","R_ux3qPB9DdR3zXCp"
"914","R_UX7AX9ZE1xD8XKh"
"915","R_UYiCku4mAqabuAV"
"916","R_vBojDxYjVaQ8ZZT"
"917","R_vDNxigePND77oFb"
"918","R_veJ8k41MrlFuU3n"
"919","R_vfBsm8rvTRasd7H"
"920","R_VI7RHCxM6yNRtm1"
"921","R_VIIVIEs5pXpV2Gl"
"922","R_VJvg9PF6q7aHmtH"
"923","R_vk15USAZuHdkhi1"
"924","R_vlde3QOs6nCCtSp"
"925","R_vMKcBByNvbwuOvT"
"926","R_VPxzXLgXaYqDnln"
"927","R_vrfifgzf0nRe6wp"
"928","R_vSUpbJqxOPhFXBD"
"929","R_VWMyJBV8B5aeycN"
"930","R_VXAkDvHktDC0G4h"
"931","R_w1pJAoZ2hbCAmRz"
"932","R_w5YbgZ5XMYXFq6J"
"933","R_W6iZR5YoxDJher7"
"934","R_w814fU21gMiVDsR"
"935","R_WAOdGcV6WIxJrKV"
"936","R_WCWXZMKctCORkOd"
"937","R_wNsjm7J2ZOdhLLb"
"938","R_Wqu3uvk4NfUEVEZ"
"939","R_wSimExorpTR91XX"
"940","R_WuR1uJrKr46B4Rj"
"941","R_WvrZ1lcSeLuFAaZ"
"942","R_WwGhiZ1JtLGcK2t"
"943","R_Wx2fDY3znlNIc3T"
"944","R_wYPaunb2mG6wm1X"
"945","R_wZh9sDru28ctMGJ"
"946","R_x6lgon9MRyqep3z"
"947","R_x6nD3WwtqjgN8Kl"
"948","R_x9MwL1RbUF1WTcd"
"949","R_xABqU7ZhzFG5p1T"
"950","R_XBUEKdMSZBdKHYZ"
"951","R_xfoAFAqrMEZxcoF"
"952","R_xG8iT35dDxcct69"
"953","R_XI1LntrhoX4a5u9"
"954","R_XIjl7KxTdAIzqBH"
"955","R_Xj1GmdQJZG98LwB"
"956","R_XjlUESDsxwCm5uF"
"957","R_xl1DdAkMkwKRPyN"
"958","R_XL1wd3MI4KrYaGd"
"959","R_XLJtXAGutfKBuN3"
"960","R_xlxE8fw3BTJAEGl"
"961","R_Xqh5KC5pS59PATT"
"962","R_XtBwai7A4uRZ82J"
"963","R_Xtyehwp53VwpaRr"
"964","R_XugafoYO1v5eBaN"
"965","R_yBy3LSflPPeprxf"
"966","R_yDYOMMZIbs1ryH7"
"967","R_yEAJb6AoW2NJuW5"
"968","R_yEosXVvZY2whied"
"969","R_yF79wdnnkco5889"
"970","R_yjpOVKQANFycNQR"
"971","R_ymOANtIdGI7hmUx"
"972","R_yOBdFb0nSL2jmqB"
"973","R_yOx28iGNbGtrzRn"
"974","R_yQJ4gV4srqBL4oV"
"975","R_yUbSouhOLUs8tEd"
"976","R_yvS9njbsZ4IIMvf"
"977","R_YWc2TKgMeYjaLIJ"
"978","R_yWMGEIo74g0G6hb"
"979","R_YX26BD7OkCQjmlr"
"980","R_yyV1MWVrp8GFPzj"
"981","R_z0a1r5PCu6vXlCh"
"982","R_Z467ORcH6sexo77"
"983","R_z8vfudIq3uC70pX"
"984","R_z8xAGMpDMYnPVQt"
"985","R_zcIO6M6ZqfkPXA5"
"986","R_ZCP5yhH2a5negq5"
"987","R_ZeJ3QT2sCm7Ix0t"
"988","R_ZgvzqJN0nR7p5Yd"
"989","R_ZgWFodnmGks737H"
"990","R_ZHJ8VlLDIdwhljH"
"991","R_zUz2nvnDliFgliN"
"992","R_Zx9Z4dwfM4Tb997"
"993","R_zZGz2kRBgleAHpn"
